<editors>
    <editor id="bool">
        <range uom="2" subset="0,1"/>
    </editor>
    <editor id="temp_f">
      <range uom="17" min="-40" max="140" step="0.1" prec="1"/>
    </editor>
    <editor id="humidity_r">
      <range uom="22" min="0" max="100" step="0.1" prec="1"/>
    </editor>
    <editor id="battery">
      <range uom="72" min="0.0" max="5.0" step="0.1" prec="1"/>
    </editor>
    <editor id="rssi">
      <range uom="131" min="-100" max="0"/>
    </editor>
    <editor id="model">
      <range uom="25" subset="0-2" nls="SENSOR_MODEL" />
    </editor>
</editors>
