<nodeDefs>
    <!-- controller -->
    <nodeDef id="controller" nls="ctl">
        <sts>
          <st id="ST" editor="bool" />
        </sts>
        <cmds>
        </cmds>
    </nodeDef>

    <nodeDef id="SPsensor" nls="sensor">
        <sts>
          <st id="ST" editor="bool" />
          <st id="GV0" editor="temp_f" />
          <st id="GV1" editor="humidity_r" />
          <st id="GV2" editor="battery" />
          <st id="GV3" editor="rssi" />
        </sts>
        <cmds />
    </nodeDef>

</nodeDefs>
